[
    {"game_name": "Age of Empires II", "competitive_format": "1v1, Team Matches"},
    {"game_name": "Among Us", "competitive_format": "Solo, Team-Based"},
    {"game_name": "Apex Legends", "competitive_format": "3v3 Teams"},
    {"game_name": "Arena of valor", "competitive_format": "5v5 Teams"},
    {"game_name": "Brawl Stars", "competitive_format": "3v3 Teams"},
    {"game_name": "Brawlhall", "competitive_format": "1v1, 2v2 Matches"},
    {"game_name": "Call of Duty: Advanced Warfare", "competitive_format": "4v4 Teams"},
    {"game_name": "Call of Duty: Black Ops 3", "competitive_format": "4v4 Teams"},
    {"game_name": "Call of Duty: Black Ops 4", "competitive_format": "4v4 Teams"},
    {"game_name": "Call of Duty: Black Ops Cold War", "competitive_format": "5v5 Teams"},
    {"game_name": "Call of Duty: Infinite Warfare", "competitive_format": "4v4 Teams"},
    {"game_name": "Call of Duty: Modern Warfare", "competitive_format": "5v5 Teams"},
    {"game_name": "Call of Duty: Modern Warfare II", "competitive_format": "5v5 Teams"},
    {"game_name": "Call of Duty: Modern Warfare III", "competitive_format": "5v5 Teams"},
    {"game_name": "Call of Duty: Warzone", "competitive_format": "Solo, Duos, Trios"},
    {"game_name": "Call of Duty: WWII", "competitive_format": "4v4 Teams"},
    {"game_name": "Chess.com", "competitive_format": "1v1 Matches"},
    {"game_name": "Clash of Clans", "competitive_format": "Clan Wars, Team Events"},
    {"game_name": "Clash Royale", "competitive_format": "1v1, 2v2 Matches"},
    {"game_name": "Counter-Strike (1.6)", "competitive_format": "5v5 Teams"},
    {"game_name": "Counter-Strike 2", "competitive_format": "5v5 Teams"},
    {"game_name": "Counter-Strike: Global Offensive", "competitive_format": "5v5 Teams"},
    {"game_name": "Counter-Strike: Source", "competitive_format": "5v5 Teams"},
    {"game_name": "CrossFire", "competitive_format": "5v5 Teams"},
    {"game_name": "CrossFire HD", "competitive_format": "5v5 Teams"},
    {"game_name": "CrossFire Mobile", "competitive_format": "5v5 Teams"},
    {"game_name": "Dota 2", "competitive_format": "5v5 Teams"},
    {"game_name": "EA Sports FC 24", "competitive_format": "1v1, 2v2 Matches"},
    {"game_name": "FIFA 18", "competitive_format": "1v1 Matches"},
    {"game_name": "FIFA 19", "competitive_format": "1v1 Matches"},
    {"game_name": "FIFA 20", "competitive_format": "1v1 Matches"},
    {"game_name": "FIFA 21", "competitive_format": "1v1 Matches"},
    {"game_name": "FIFA 22", "competitive_format": "1v1 Matches"},
    {"game_name": "FIFA 23", "competitive_format": "1v1 Matches"},
    {"game_name": "FIFA Online 3", "competitive_format": "1v1 Matches"},
    {"game_name": "FIFA Online 4", "competitive_format": "1v1 Matches"},
    {"game_name": "Free Fire", "competitive_format": "Squads, Duos"},
    {"game_name": "Gears 5", "competitive_format": "5v5 Teams"},
    {"game_name": "Gears of War 4", "competitive_format": "5v5 Teams"},
    {"game_name": "Halo 3", "competitive_format": "4v4 Teams"},
    {"game_name": "Halo 5: Guardians", "competitive_format": "4v4 Teams"},
    {"game_name": "Halo Infinite", "competitive_format": "4v4 Teams"},
    {"game_name": "Hearthstone", "competitive_format": "1v1 Matches"},
    {"game_name": "Heroes of Newerth", "competitive_format": "5v5 Teams"},
    {"game_name": "Heroes of the Storm", "competitive_format": "5v5 Teams"},
    {"game_name": "H1Z1", "competitive_format": "Solo, Squads"},
    {"game_name": "Identity V", "competitive_format": "4v4 Teams"},
    {"game_name": "iRacing.com", "competitive_format": "1v1, Team Races"},
    {"game_name": "League of Legends", "competitive_format": "5v5 Teams"},
    {"game_name": "League of Legends: Wild Rift", "competitive_format": "5v5 Teams"},
    {"game_name": "Magic: The Gathering Arena", "competitive_format": "1v1 Matches"},
    {"game_name": "Minecraft", "competitive_format": "Team Events"},
    {"game_name": "Mobile Legends: Bang Bang", "competitive_format": "5v5 Teams"},
    {"game_name": "Naraka: Bladepoint", "competitive_format": "1v1, 3v3 Teams"},
    {"game_name": "NBA 2K22", "competitive_format": "5v5 Teams"},
    {"game_name": "NBA 2K23", "competitive_format": "5v5 Teams"},
    {"game_name": "OverWatch", "competitive_format": "6v6 Teams"},
    {"game_name": "OverWatch 2", "competitive_format": "5v5 Teams"},
    {"game_name": "Paladins", "competitive_format": "5v5 Teams"},
    {"game_name": "Point Blank", "competitive_format": "5v5 Teams"},
    {"game_name": "Pokemon Unite", "competitive_format": "5v5 Teams"},
    {"game_name": "PUBG", "competitive_format": "Solo, Duos, Squads"},
    {"game_name": "PUBG Mobile", "competitive_format": "Squads, Duos"},
    {"game_name": "Quake Champions", "competitive_format": "1v1, 4v4 Teams"},
    {"game_name": "Rainbow Six: Siege", "competitive_format": "5v5 Teams"},
    {"game_name": "RenaSport", "competitive_format": "1v1 Races"},
    {"game_name": "Rocket League", "competitive_format": "3v3 Teams"},
    {"game_name": "rFactor 2", "competitive_format": "1v1, Team Races"},
    {"game_name": "Shadowverse", "competitive_format": "1v1 Matches"},
    {"game_name": "SMITE", "competitive_format": "5v5 Teams"},
    {"game_name": "StarCraft II", "competitive_format": "1v1 Matches"},
    {"game_name": "StarCraft: Brood War", "competitive_format": "1v1 Matches"},
    {"game_name": "StarCraft: Remastered", "competitive_format": "1v1 Matches"},
    {"game_name": "Street Fighter 6", "competitive_format": "1v1 Matches"},
    {"game_name": "Street Fighter V", "competitive_format": "1v1 Matches"},
    {"game_name": "Street Fighter V: arcade Edition", "competitive_format": "1v1 Matches"},
    {"game_name": "Super Smash Bros. Melee", "competitive_format": "1v1, Doubles"},
    {"game_name": "Super Smash Bros. Ultimate", "competitive_format": "1v1, Doubles"},
    {"game_name": "Teamfight tactics", "competitive_format": "1v1 Matches"},
    {"game_name": "Tekken 7", "competitive_format": "1v1 Matches"},
    {"game_name": "Tekken 8", "competitive_format": "1v1 Matches"},
    {"game_name": "WarCraft III", "competitive_format": "1v1 Matches"},
    {"game_name": "WarCraft III: Reforged", "competitive_format": "1v1 Matches"},
    {"game_name": "World of Tanks", "competitive_format": "5v5 Teams"},
    {"game_name": "World of WarCraft", "competitive_format": "2v2, 3v3 Teams"}
  ]